{
 "GeometryDash.exeicon_ball": 32,
 "GeometryDash.exeicon_bird": 29,
 "GeometryDash.exeicon_col1": 39,
 "GeometryDash.exeicon_col2": 3,
 "GeometryDash.exeicon_cube": 128,
 "GeometryDash.exeicon_dart": 30,
 "GeometryDash.exeicon_death": 14,
 "GeometryDash.exeicon_glow": false,
 "GeometryDash.exeicon_robot": 24,
 "GeometryDash.exeicon_ship": 44,
 "GeometryDash.exeicon_spider": 11,
 "GeometryDash.exeicon_streak": 7,
 "accuracy_mode": 2,
 "anim": 10,
 "attempts_label": true,
 "attempts_pos": 1,
 "attempts_unit": true,
 "auto_save": true,
 "auto_select_search": false,
 "auto_update": true,
 "best_run_acc": false,
 "best_run_label": true,
 "best_run_pos": 1,
 "best_run_unit": true,
 "block_replay_input": false,
 "borderless": false,
 "capture_bitrate": 10.0,
 "capture_fps": 60,
 "cheat_ind_endscreen": false,
 "cheat_label": true,
 "cheat_pos": 3,
 "clock_12h": false,
 "clock_date": false,
 "clock_label": true,
 "clock_pos": 0,
 "cps_2p": false,
 "cps_label": true,
 "cps_pos": 1,
 "cps_speedhack": false,
 "cps_unit": false,
 "custom_colours": false,
 "cycle_speed": 1.0,
 "death_label": false,
 "death_pos": 3,
 "death_unit": true,
 "disabled": [
  "circle-tool.dll",
  "GradientMod.dll",
  "BetterPause.dll"
 ],
 "discord_rp": true,
 "enabled_hacks": [
  "Slider Limit",
  "Text Length",
  "Accurate Percentage",
  "Collect Coins in Practice",
  "No Death Effect",
  "Practice Pulse",
  "Spider Bug Fix",
  "Stop Triggers on Death",
  "Trail Bug Fix",
  "ColourID Bypass",
  "Copy Hack",
  "Custom Object Bypass",
  "Editor Extension",
  "Free Scroll",
  "Group ID Bypass",
  "Hitbox Bug Fix",
  "Object Bypass",
  "Playtest Zoom Bypass",
  "Scale Snap Bypass",
  "Toolbox Button Bypass",
  "Verify Hack",
  "Z Order Bypass",
  "Zoom Bypass",
  "0% Practice Complete",
  "Anti Crash Trigger",
  "Confirm Exit",
  "Hitboxes on Death",
  "Invisible Dual Bug Fix",
  "Practice Bug Fix",
  "Practice Music Hack",
  "Replay Last Checkpoint",
  "Show Level Password",
  "StartPos Switcher",
  "Fast Alt-Tab",
  "Mute on Unfocus",
  "Pause on Unfocus",
  "Quick Chests",
  "Transition Customiser",
  "Zero Delay"
 ],
 "ext_popup": true,
 "fav_keybinds": [
  17,
  32
 ],
 "favourites": [],
 "flicker_fix": false,
 "font_index": 1,
 "fps": 360.0,
 "fps_bypass": false,
 "fps_label": true,
 "fps_pos": 1,
 "fps_unit": true,
 "hack_colours": {
  "BG Colour": 2653695,
  "Ground Colour": 26367,
  "Hazards": 16711680,
  "Solids": 255,
  "Specials": 65280,
  "Tint on Death": 16711680
 },
 "hack_combos": {
  "Accurate Percentage": 1,
  "Transition Customiser": 5
 },
 "hack_options": {
  "Auto Clicker": [
   false,
   true,
   true
  ],
  "Auto Deafen": [
   true,
   false,
   false
  ],
  "Auto Pickup Coins": [
   true,
   true,
   true
  ],
  "Freeze Attempts": [
   true
  ],
  "Hide Attempts": [
   true
  ],
  "Hitboxes": [
   true,
   true,
   true,
   true,
   false,
   true,
   false,
   false,
   false,
   false
  ],
  "Hitboxes on Death": [
   false,
   false
  ],
  "Ignore ESC": [
   false
  ],
  "Jumpscare": [
   true
  ],
  "Noclip": [
   false,
   false,
   false,
   false,
   false,
   true,
   true
  ],
  "Pause Countdown": [
   true
  ],
  "Practice Bug Fix": [
   true,
   true
  ],
  "Show Layout": [
   false,
   false
  ],
  "Show Trajectory": [
   false
  ],
  "Smart StartPos": [
   true,
   true,
   true,
   true
  ],
  "StartPos Switcher": [
   true,
   true,
   false,
   true
  ],
  "Zero Delay": [
   true,
   true
  ]
 },
 "hack_shortcuts": {
  "Advance Frame:": [
   69
  ],
  "Deafen Keybind...": [
   19
  ],
  "Retreat Frame:": [
   81
  ],
  "Toggle Stepping:": [
   87
  ]
 },
 "hack_spinners": {
  "Accuracy Limit: %": 95.0,
  "Activate after: %": 0.0,
  "Backup Count: ": 5.0,
  "Click Length: ": 5.0,
  "Deafen At: %": 42.0,
  "Death Limit: ": 5.0,
  "Desync Threshold: ms": 10.0,
  "Disable At: %": 50.0,
  "Draw Length: %": 100.0,
  "Hazards: x": 0.5,
  "Jumpscare after: %": 5.0,
  "Kill At: %": 31.8,
  "Length: s": 1.0,
  "Octave change: ": 0.0,
  "Opacity: %": 100.0,
  "Probability: %": 0.1,
  "Release Length: ": 5.0,
  "Saws: x": 0.5,
  "Solids: x": 0.5,
  "Specials: x": 0.5,
  "Thickness: ": 0.5,
  "Undeafen At: %": 100.0
 },
 "hide_all_labels": false,
 "hide_fav_on_toggle": true,
 "icon_randomiser": false,
 "icon_types": [
  true,
  true,
  true,
  true,
  true,
  true,
  true,
  true,
  true,
  true,
  true
 ],
 "jumps_label": false,
 "jumps_pos": 3,
 "jumps_unit": true,
 "keybinds": {},
 "label_meta_dead": false,
 "label_meta_frame": true,
 "label_meta_grav": false,
 "label_meta_precision": false,
 "label_meta_rot": false,
 "label_meta_speed": false,
 "label_meta_xpos": true,
 "label_meta_ypos": true,
 "label_meta_yvel": false,
 "label_opacity": 1.0,
 "label_scale": 1.0,
 "last_revision": 51,
 "legit_indicator": true,
 "levelid_label": false,
 "levelid_pos": 1,
 "load_order": [
  "BetterEdit-v4.0.5.dll",
  "betterinfo-wrapper.dll",
  "circle-tool.dll",
  "CustomSplash.dll",
  "fmod.dll",
  "GDShare-v0.3.4.dll",
  "IconSave.dll",
  "invisible-dual-bugfix.dll",
  "rgb-color-input.dll",
  "run-info.dll",
  "song-search.dll",
  "sum-attempts.dll",
  "VolumeControl.dll",
  "AltTabFix-v1.0.dll",
  "AlgebraDash.dll",
  "GradientMod.dll",
  "every-key-jumps.dll",
  "bonk.dll",
  "GatoBot.dll",
  "MegaHack-Recolor.dll",
  "DeathLink.dll",
  "BetterPause.dll"
 ],
 "lock_delta": false,
 "meta_label": false,
 "meta_pos": 3,
 "no_editor_keybinds": false,
 "noclip_label": true,
 "noclip_pos": 3,
 "p1_jump": 0,
 "p1_swift": 0,
 "p2_jump": 0,
 "p2_swift": 0,
 "percent_pos": 4,
 "player_1": {
  "col1": 0,
  "col1_col": 0,
  "col1_colid": 1,
  "col1_flash": 0,
  "col1_flash_col": 16777215,
  "col1_inverted": 0,
  "col1_reverse_flash": 0,
  "col1_switch": 0,
  "col2": 0,
  "col2_col": 0,
  "col2_colid": 1,
  "col2_flash": 0,
  "col2_flash_col": 16777215,
  "col2_inverted": 0,
  "col2_reverse_flash": 0,
  "col2_switch": 0,
  "glow": 0,
  "glow_col": 0,
  "glow_colid": 1,
  "glow_flash": 0,
  "glow_flash_col": 16777215,
  "glow_inverted": 0,
  "glow_reverse_flash": 0,
  "glow_switch": 0,
  "particles": 0,
  "particles_col": 0,
  "particles_colid": 1,
  "particles_flash": 0,
  "particles_flash_col": 16777215,
  "particles_inverted": 0,
  "particles_reverse_flash": 0,
  "particles_switch": 0,
  "trail": 0,
  "trail_col": 0,
  "trail_colid": 1,
  "trail_flash": 0,
  "trail_flash_col": 16777215,
  "trail_inverted": 0,
  "trail_reverse_flash": 0,
  "trail_switch": 0,
  "wave": 0,
  "wave_col": 0,
  "wave_colid": 1,
  "wave_flash": 0,
  "wave_flash_col": 16777215,
  "wave_inverted": 0,
  "wave_reverse_flash": 0,
  "wave_switch": 0
 },
 "player_2": {
  "col1": 0,
  "col1_col": 0,
  "col1_colid": 1,
  "col1_flash": 0,
  "col1_flash_col": 16777215,
  "col1_inverted": 0,
  "col1_reverse_flash": 0,
  "col1_switch": 0,
  "col2": 0,
  "col2_col": 0,
  "col2_colid": 1,
  "col2_flash": 0,
  "col2_flash_col": 16777215,
  "col2_inverted": 0,
  "col2_reverse_flash": 0,
  "col2_switch": 0,
  "glow": 0,
  "glow_col": 0,
  "glow_colid": 1,
  "glow_flash": 0,
  "glow_flash_col": 16777215,
  "glow_inverted": 0,
  "glow_reverse_flash": 0,
  "glow_switch": 0,
  "particles": 0,
  "particles_col": 0,
  "particles_colid": 1,
  "particles_flash": 0,
  "particles_flash_col": 16777215,
  "particles_inverted": 0,
  "particles_reverse_flash": 0,
  "particles_switch": 0,
  "trail": 0,
  "trail_col": 0,
  "trail_colid": 1,
  "trail_flash": 0,
  "trail_flash_col": 16777215,
  "trail_inverted": 0,
  "trail_reverse_flash": 0,
  "trail_switch": 0,
  "wave": 0,
  "wave_col": 0,
  "wave_colid": 1,
  "wave_flash": 0,
  "wave_flash_col": 16777215,
  "wave_inverted": 0,
  "wave_reverse_flash": 0,
  "wave_switch": 0
 },
 "real_time_ld": false,
 "rec_args": "",
 "rec_level_only": false,
 "rec_log": false,
 "rec_pixfmt": "yuv420p",
 "rec_quality_mode": false,
 "rec_source_res": true,
 "rec_split_audio": false,
 "rec_vcodec": "libx264",
 "replay_label": true,
 "replay_pos": 3,
 "roulette": [
  {
   "accid": "1837563",
   "author": "nikroplays",
   "id": "58161496",
   "main_track": "0",
   "songid": "710816",
   "title": "Renevant"
  },
  {
   "accid": "927982",
   "author": "TrueOmega",
   "id": "45866767",
   "main_track": "0",
   "songid": "530913",
   "title": "Crimson Planet"
  },
  {
   "accid": "2156992",
   "author": "MindCap",
   "id": "39832454",
   "main_track": "0",
   "songid": "223469",
   "title": "Gamma"
  },
  {
   "accid": "1512678",
   "author": "EndLevel",
   "id": "52955167",
   "main_track": "0",
   "songid": "436814",
   "title": "Deimos"
  },
  {
   "accid": "1512678",
   "author": "EndLevel",
   "id": "57600307",
   "main_track": "0",
   "songid": "412437",
   "title": "Cognition"
  },
  {
   "accid": "1996898",
   "author": "Platnuu",
   "id": "45094581",
   "main_track": "0",
   "songid": "713389",
   "title": "Delta Interface"
  },
  {
   "accid": "2461264",
   "author": "Metalface221",
   "id": "72767469",
   "main_track": "0",
   "songid": "889238",
   "title": "Never Beat It"
  },
  {
   "accid": "5472508",
   "author": "TheGalaxyCat",
   "id": "65332454",
   "main_track": "0",
   "songid": "407485",
   "title": "Luxtra"
  },
  {
   "accid": "5589398",
   "author": "Yakimaru",
   "id": "72082021",
   "main_track": "0",
   "songid": "685746",
   "title": "Pandemonium"
  },
  {
   "accid": "1447707",
   "author": "iIiViRuZiIi",
   "id": "63851728",
   "main_track": "0",
   "songid": "905110",
   "title": "Auroral Darkness"
  },
  {
   "accid": "352792",
   "author": "GdTheTactiq",
   "id": "37398911",
   "main_track": "0",
   "songid": "482872",
   "title": "Stalemate Redux"
  },
  {
   "accid": "10643972",
   "author": "Renn241",
   "id": "70187443",
   "main_track": "0",
   "songid": "69742",
   "title": "CHROMA II"
  },
  {
   "accid": "1504161",
   "author": "IcEDCave",
   "id": "27690100",
   "main_track": "0",
   "songid": "945695",
   "title": "Slaughterhouse "
  },
  {
   "accid": "136788",
   "author": "Knobbelboy",
   "id": "55624478",
   "main_track": "0",
   "songid": "343707",
   "title": "Ragnarok"
  },
  {
   "accid": "36438",
   "author": "Pennutoh",
   "id": "30380566",
   "main_track": "0",
   "songid": "433947",
   "title": "Bausha Vortex"
  },
  {
   "accid": "6041531",
   "author": "ColorBolt",
   "id": "65969451",
   "main_track": "0",
   "songid": "878058",
   "title": "Timor"
  },
  {
   "accid": "35833",
   "author": "LazerBlitz",
   "id": "51791710",
   "main_track": "0",
   "songid": "574484",
   "title": "Auditory Breaker"
  },
  {
   "accid": "1621698",
   "author": "BoldStep",
   "id": "31462941",
   "main_track": "0",
   "songid": "462681",
   "title": "Erebus"
  },
  {
   "accid": "2282362",
   "author": "Zylenox",
   "id": "52303420",
   "main_track": "0",
   "songid": "671322",
   "title": "Requiem"
  },
  {
   "accid": "8344321",
   "author": "Team Proxima",
   "id": "63560498",
   "main_track": "0",
   "songid": "718170",
   "title": "Omicron"
  },
  {
   "accid": "5090333",
   "author": "wwwwwwwwmwwwwww",
   "id": "33498127",
   "main_track": "0",
   "songid": "479319",
   "title": "SARY NEVER CLEAR"
  },
  {
   "accid": "1996898",
   "author": "Platnuu",
   "id": "68654380",
   "main_track": "0",
   "songid": "1026438",
   "title": "Omega Interface"
  },
  {
   "accid": "2835571",
   "author": "iRainstorm",
   "id": "59539361",
   "main_track": "0",
   "songid": "634513",
   "title": "Eternal Moment"
  },
  {
   "accid": "2795",
   "author": "ViPriN",
   "id": "27122654",
   "main_track": "0",
   "songid": "63082",
   "title": "Artificial Ascent"
  },
  {
   "accid": "1948168",
   "author": "ZephiroX",
   "id": "47171509",
   "main_track": "0",
   "songid": "467339",
   "title": "Solarion"
  },
  {
   "accid": "36438",
   "author": "Pennutoh",
   "id": "55274070",
   "main_track": "0",
   "songid": "735623",
   "title": "Freedom08"
  },
  {
   "accid": "1036664",
   "author": "RoiMousti",
   "id": "47446042",
   "main_track": "1",
   "songid": "17",
   "title": "BBBBBBBBBBBBBBBBBBBB"
  },
  {
   "accid": "3148680",
   "author": "Zeroya",
   "id": "58252259",
   "main_track": "0",
   "songid": "193466",
   "title": "Ethereal Artifice"
  },
  {
   "accid": "207729",
   "author": "Lemons",
   "id": "42631377",
   "main_track": "0",
   "songid": "219635",
   "title": "Paroxysm"
  },
  {
   "accid": "20877",
   "author": "Sminx",
   "id": "55610687",
   "main_track": "0",
   "songid": "771703",
   "title": "Belloq"
  },
  {
   "accid": "9467426",
   "author": "BoBoBoBoBoBoBo",
   "id": "60978746",
   "main_track": "0",
   "songid": "638150",
   "title": "The Golden"
  },
  {
   "accid": "2010390",
   "author": "SleyGD",
   "id": "74343352",
   "main_track": "0",
   "songid": "1002063",
   "title": "RGB"
  },
  {
   "accid": "136788",
   "author": "Knobbelboy",
   "id": "62138313",
   "main_track": "0",
   "songid": "579560",
   "title": "Molten Gear"
  },
  {
   "accid": "10230662",
   "author": "cherryteam",
   "id": "59620684",
   "main_track": "0",
   "songid": "494623",
   "title": "Void Wave"
  },
  {
   "accid": "59137",
   "author": "HelpegasuS",
   "id": "37792861",
   "main_track": "0",
   "songid": "465681",
   "title": "Factory Realm X"
  },
  {
   "accid": "7478086",
   "author": "Lfritz",
   "id": "74034217",
   "main_track": "0",
   "songid": "970930",
   "title": "Ddiamond"
  },
  {
   "accid": "7264725",
   "author": "VotcHi",
   "id": "58150142",
   "main_track": "0",
   "songid": "690265",
   "title": "Akashic Records"
  },
  {
   "accid": "316085",
   "author": "TrusTa",
   "id": "60130895",
   "main_track": "0",
   "songid": "710137",
   "title": "Berserk"
  },
  {
   "accid": "3004177",
   "author": "Stormfly",
   "id": "51556877",
   "main_track": "1",
   "songid": "0",
   "title": "The Hell Field"
  },
  {
   "accid": "1512678",
   "author": "EndLevel",
   "id": "65588448",
   "main_track": "0",
   "songid": "758448",
   "title": "Fragile"
  },
  {
   "accid": "57903",
   "author": "Ryder",
   "id": "72308725",
   "main_track": "0",
   "songid": "785444",
   "title": "Spectrum Rave"
  },
  {
   "accid": "2324842",
   "author": "T G I",
   "id": "53443974",
   "main_track": "1",
   "songid": "7",
   "title": "Necromancer"
  },
  {
   "accid": "279",
   "author": "KeiAs",
   "id": "33983930",
   "main_track": "0",
   "songid": "681530",
   "title": "Fabrication"
  },
  {
   "accid": "2564467",
   "author": "ItzDolphy",
   "id": "59075347",
   "main_track": "1",
   "songid": "13",
   "title": "Tartarus"
  },
  {
   "accid": "268936",
   "author": "lTemp",
   "id": "55385816",
   "main_track": "0",
   "songid": "433947",
   "title": "Balengu Vortex"
  },
  {
   "accid": "6095245",
   "author": "IINimbusII",
   "id": "59157630",
   "main_track": "0",
   "songid": "656428",
   "title": "Mirrored Calamity"
  },
  {
   "accid": "1815267",
   "author": "SyQual",
   "id": "71434979",
   "main_track": "0",
   "songid": "805724",
   "title": "Trueffet"
  },
  {
   "accid": "316085",
   "author": "TrusTa",
   "id": "49291867",
   "main_track": "0",
   "songid": "661012",
   "title": "WOW"
  },
  {
   "accid": "1621698",
   "author": "BoldStep",
   "id": "38754426",
   "main_track": "0",
   "songid": "464120",
   "title": "Killbot"
  },
  {
   "accid": "119741",
   "author": "Serponge",
   "id": "68688849",
   "main_track": "0",
   "songid": "574484",
   "title": "Sonic Wave Rebirth"
  },
  {
   "accid": "13462486",
   "author": "theParadoxTeam",
   "id": "68908396",
   "main_track": "0",
   "songid": "845915",
   "title": "Frozen Cave"
  },
  {
   "accid": "37415",
   "author": "Riot",
   "id": "38235367",
   "main_track": "1",
   "songid": "16",
   "title": "Quantum Processing"
  },
  {
   "accid": "36770",
   "author": "SrGuillester",
   "id": "68353244",
   "main_track": "0",
   "songid": "812038",
   "title": "Nhelv"
  },
  {
   "accid": "5782085",
   "author": "augi",
   "id": "64658786",
   "main_track": "0",
   "songid": "509162",
   "title": "Wasureta"
  },
  {
   "accid": "10818",
   "author": "Zeroniumm",
   "id": "73645039",
   "main_track": "0",
   "songid": "938116",
   "title": "Crystal"
  },
  {
   "accid": "158686",
   "author": "CairoX",
   "id": "62817170",
   "main_track": "0",
   "songid": "486723",
   "title": "Lucid Chaos"
  },
  {
   "accid": "1815267",
   "author": "SyQual",
   "id": "60020026",
   "main_track": "0",
   "songid": "814072",
   "title": "Aesthetic"
  },
  {
   "accid": "296622",
   "author": "Awedsy",
   "id": "64766514",
   "main_track": "0",
   "songid": "944397",
   "title": "Calamity"
  },
  {
   "accid": "1244677",
   "author": "Cersia",
   "id": "74840882",
   "main_track": "1",
   "songid": "12",
   "title": "Cersia Difficult"
  },
  {
   "accid": "13396651",
   "author": "APTeamOfficial",
   "id": "69685815",
   "main_track": "0",
   "songid": "574484",
   "title": "Sonic Wave Infinity"
  },
  {
   "accid": "1001095",
   "author": "Eclipsed",
   "id": "40292513",
   "main_track": "0",
   "songid": "368392",
   "title": "Spacial Rend"
  },
  {
   "accid": "1973",
   "author": "Mazl",
   "id": "49588510",
   "main_track": "0",
   "songid": "655888",
   "title": "Photovoltaic II"
  },
  {
   "accid": "2156992",
   "author": "MindCap",
   "id": "59706883",
   "main_track": "0",
   "songid": "33326",
   "title": "Omega"
  },
  {
   "accid": "7640229",
   "author": "ItsHybrid",
   "id": "66004550",
   "main_track": "0",
   "songid": "541008",
   "title": "Sinister Incision"
  },
  {
   "accid": "144719",
   "author": "Failure444",
   "id": "38626107",
   "main_track": "0",
   "songid": "529291",
   "title": "Furious Flames"
  },
  {
   "accid": "1447707",
   "author": "iIiViRuZiIi",
   "id": "42117203",
   "main_track": "0",
   "songid": "469490",
   "title": "Hyper Paracosm"
  },
  {
   "accid": "8797",
   "author": "xSmoKes",
   "id": "38655495",
   "main_track": "0",
   "songid": "566004",
   "title": "Plasma Pulse Finale"
  },
  {
   "accid": "3004177",
   "author": "Stormfly",
   "id": "60714734",
   "main_track": "1",
   "songid": "5",
   "title": "The Hell Inferno"
  },
  {
   "accid": "8178135",
   "author": "TCTeam",
   "id": "44022701",
   "main_track": "0",
   "songid": "723722",
   "title": "Titan Complex"
  },
  {
   "accid": "396018",
   "author": "JonathanGD",
   "id": "57433866",
   "main_track": "0",
   "songid": "684651",
   "title": "BuTiTi III"
  },
  {
   "accid": "248526",
   "author": "Prism",
   "id": "60698989",
   "main_track": "0",
   "songid": "63082",
   "title": "Altered Ascent"
  },
  {
   "accid": "123735",
   "author": "alkali",
   "id": "51584312",
   "main_track": "0",
   "songid": "772439",
   "title": "super probably level"
  },
  {
   "accid": "1538013",
   "author": "crohn44",
   "id": "55547703",
   "main_track": "0",
   "songid": "823812",
   "title": "Sunset Sandstorm"
  },
  {
   "accid": "7296214",
   "author": "Teno",
   "id": "71216292",
   "main_track": "0",
   "songid": "1024087",
   "title": "Kuzureta"
  },
  {
   "accid": "1507703",
   "author": "npesta",
   "id": "58673581",
   "main_track": "0",
   "songid": "360804",
   "title": "Kenos"
  },
  {
   "accid": "5461811",
   "author": "TrickGMD",
   "id": "75206202",
   "main_track": "0",
   "songid": "502268",
   "title": "Firework"
  },
  {
   "accid": "1151",
   "author": "loogiah",
   "id": "75455769",
   "main_track": "0",
   "songid": "520640",
   "title": "DubKore X"
  },
  {
   "accid": "885700",
   "author": "Darwin",
   "id": "36329434",
   "main_track": "0",
   "songid": "690885",
   "title": "ZAPHKIEL"
  },
  {
   "accid": "540196",
   "author": "Presta",
   "id": "68668045",
   "main_track": "0",
   "songid": "895761",
   "title": "Congregation"
  },
  {
   "accid": "625975",
   "author": "KrmaL",
   "id": "58825144",
   "main_track": "0",
   "songid": "766165",
   "title": "xo"
  },
  {
   "accid": "3859346",
   "author": "TeamE12",
   "id": "64554339",
   "main_track": "0",
   "songid": "674353",
   "title": "Stygian Machinery"
  },
  {
   "accid": "807288",
   "author": "Ka1ns",
   "id": "57828784",
   "main_track": "0",
   "songid": "498828",
   "title": "The Rupture"
  },
  {
   "accid": "735466",
   "author": "Digitalzero",
   "id": "72873416",
   "main_track": "0",
   "songid": "982372",
   "title": "Boogie"
  },
  {
   "accid": "279",
   "author": "KeiAs",
   "id": "48942548",
   "main_track": "0",
   "songid": "486539",
   "title": "Dark Flare"
  },
  {
   "accid": "1036664",
   "author": "RoiMousti",
   "id": "44773500",
   "main_track": "0",
   "songid": "727594",
   "title": "Ziroikabi"
  },
  {
   "accid": "1996898",
   "author": "Platnuu",
   "id": "65860142",
   "main_track": "0",
   "songid": "462681",
   "title": "ErebuS"
  },
  {
   "accid": "9702268",
   "author": "Armadeus",
   "id": "59800588",
   "main_track": "0",
   "songid": "157014",
   "title": "Kappa"
  },
  {
   "accid": "123735",
   "author": "alkali",
   "id": "55224007",
   "main_track": "0",
   "songid": "685917",
   "title": "distraught"
  },
  {
   "accid": "2795",
   "author": "ViPriN",
   "id": "37456092",
   "main_track": "0",
   "songid": "690265",
   "title": "Digital Descent"
  },
  {
   "accid": "13396651",
   "author": "APTeamOfficial",
   "id": "76159410",
   "main_track": "0",
   "songid": "725417",
   "title": "Cosmic Cyclone"
  },
  {
   "accid": "3961368",
   "author": "lSunix",
   "id": "26681070",
   "main_track": "0",
   "songid": "574484",
   "title": "Sonic Wave"
  },
  {
   "accid": "1512678",
   "author": "EndLevel",
   "id": "60740290",
   "main_track": "0",
   "songid": "462046",
   "title": "Aquatic Auroras"
  },
  {
   "accid": "136788",
   "author": "Knobbelboy",
   "id": "42584142",
   "main_track": "0",
   "songid": "467339",
   "title": "Bloodlust"
  },
  {
   "accid": "1182",
   "author": "Dorami",
   "id": "54615662",
   "main_track": "0",
   "songid": "722366",
   "title": "The Yandere"
  },
  {
   "accid": "6145907",
   "author": "Gablor",
   "id": "46763581",
   "main_track": "0",
   "songid": "758448",
   "title": "kowareta"
  },
  {
   "accid": "134797",
   "author": "bloodshot",
   "id": "12437428",
   "main_track": "0",
   "songid": "573454",
   "title": "Bass Cave"
  },
  {
   "accid": "5316754",
   "author": "Exen",
   "id": "60564010",
   "main_track": "0",
   "songid": "591740",
   "title": "Aronia"
  },
  {
   "accid": "1501349",
   "author": "Rustam",
   "id": "32969607",
   "main_track": "0",
   "songid": "114114",
   "title": "Devil Vortex"
  },
  {
   "accid": "2761244",
   "author": "nSwish",
   "id": "53878361",
   "main_track": "0",
   "songid": "733000",
   "title": "Rage"
  },
  {
   "accid": "2795",
   "author": "ViPriN",
   "id": "66291197",
   "main_track": "0",
   "songid": "889238",
   "title": "Cybernetic Crescent"
  }
 ],
 "roulette_index": 0,
 "roulette_last_percentage": 0,
 "roulette_percentage": 1,
 "roulette_seed": 16591,
 "same_dual": false,
 "scale": 1.0,
 "show_cps": true,
 "show_cps_max": false,
 "show_total_clicks": true,
 "speedhack": 0.75,
 "speedhack_audio": true,
 "speedhack_classic": true,
 "speehack_enabled": false,
 "ss_background": false,
 "ss_clipboard": false,
 "ss_mhmenu": true,
 "ss_pause": false,
 "ss_player": false,
 "ss_status": false,
 "status_label": [
  0,
  1,
  2,
  3,
  4,
  5,
  6,
  7,
  8,
  9,
  10,
  11,
  12,
  13,
  14,
  15
 ],
 "testmode_label": false,
 "testmode_pos": 1,
 "thread_prio": 0,
 "time_label": false,
 "time_pos": 1,
 "tps": 900.0,
 "tps_bypass": false,
 "variables": {},
 "watermark_input": "Subscribe to Ghetto Smosh",
 "watermark_label": true,
 "watermark_pos": 3
}